Clave_entidad,Entidad_federativa,Clave_municipio,Nombre_municipio,Clave_localidad,Clave_AGEB,Folio_AGEB,Población_total ,Viviendas_habitadas,Población_de_15_años_con_educación_básica_incompleta,Población_15_24_no_asiste_a_la_escuela,Población_sin_derechohabiencia,Personas_que_viven_en_hacinamiento,Viviendas_sin_anitario,Viviendas_sin_lavadora,Viviendas_sin_refrigerador,Viviendas_sin_teléfono_fijo,Población_15_años_o_más_analfabeta,Población_6_14 años_no_asiste_a_escuela,Viviendas_con_piso_tierra,Viviendas_sin_agua_entubada,Viviendas_sin_drenaje,Viviendas_sin_energía_eléctrica,Rezago_social
19,Nuevo León,46,San Nicolás de los Garza,1,42,1904600010042.00,1859,545,30.26199913,53.15599823,24.79800034,0.739000022,1.100999951,17.06399918,3.118999958,31.55999947,1.681237391,2.564102564,0.550458716,0.183486239,0,0,Bajo
19,Nuevo León,46,San Nicolás de los Garza,1,57,1904600010057.00,1520,442,27.20499992,57.63499832,19.40800095,0.948000014,4.977000237,15.61100006,5.881999969,31.89999962,1.164725458,2.48447205,0,0.452488688,0,0,Bajo
19,Nuevo León,46,San Nicolás de los Garza,1,76,1904600010076.00,4304,1179,28.9260006,50.98699951,18.19199944,0.25999999,2.204999924,7.633999825,3.986000061,19.08399963,1.880877743,2.914798206,0.678541137,0,0,0.169635284,Bajo
19,Nuevo León,46,San Nicolás de los Garza,1,95,1904600010095.00,1460,441,22.56999969,52.2120018,23.90399933,2.142999887,5.215000153,19.27400017,8.390000343,34.69400024,1.944209637,1.829268293,0.453514739,0.453514739,0.22675737,0,Bajo
19,Nuevo León,46,San Nicolás de los Garza,1,108,1904600010108.00,2907,824,29.17399979,54.45299911,22.56599998,2.566999912,5.340000153,18.93199921,8.373999596,32.64599991,1.929982047,4.719764012,0.242718447,0,0,0.121359223,Bajo
19,Nuevo León,46,San Nicolás de los Garza,1,127,1904600010127.00,4640,1309,25.76300049,44.44400024,16.4659996,0.462000012,0.381999999,6.493999958,1.070000052,12.29899979,1.277705346,2.395209581,0.993124523,0.076394194,0,0,Bajo
19,Nuevo León,46,San Nicolás de los Garza,1,131,1904600010131.00,4692,1374,7.768000126,33.1609993,15.94200039,0.152999997,4.730999947,9.243000031,5.386000156,11.64500046,0.220534183,2.279202279,0.291120815,0.509461426,0,0,Bajo
19,Nuevo León,46,San Nicolás de los Garza,1,146,1904600010146.00,3316,983,23.68099976,44.08399963,22.40699959,0.637000024,4.171000004,16.27700043,5.798999786,25.63599968,1.291036518,0.949367089,0.508646999,0,0,0,Bajo
19,Nuevo León,46,San Nicolás de los Garza,1,017A,190460001017A,4742,1241,21.01099968,48.17200089,20.56100082,0.893999994,0.725000024,6.446000099,1.692000031,16.1970005,1.59835009,2.303262956,0.483481064,0,0,0,Bajo
19,Nuevo León,46,San Nicolás de los Garza,1,184,1904600010184.00,3599,1138,10.3920002,28.70400047,15.61499977,0,0.43900001,3.338999987,0.967000008,5.008999825,0.388475235,4.792332268,2.636203866,0,0,0,Bajo
19,Nuevo León,46,San Nicolás de los Garza,1,201,1904600010201.00,4213,1293,16.52400017,31.50900078,15.45199966,0.078000002,0.619000018,7.347000122,1.315000057,10.28600025,0.51369863,2.617801047,1.082753287,0.07733952,0,0,Bajo
19,Nuevo León,46,San Nicolás de los Garza,1,216,1904600010216.00,2126,647,7.333000183,21.75099945,10.63000011,0,0.155000001,3.864000082,1.235999942,5.255000114,0.115473441,1.449275362,2.627511592,0,0,0,Bajo
19,Nuevo León,46,San Nicolás de los Garza,1,220,1904600010220.00,1585,484,5.004000187,21.14699936,12.61800003,0,0,2.686000109,0.825999975,3.512000084,0.074682599,2.919708029,1.239669421,0.20661157,0,0,Bajo
19,Nuevo León,46,San Nicolás de los Garza,1,235,1904600010235.00,2226,668,12.79300022,28.48999977,13.74699974,0,0.150000006,2.993999958,1.047999978,4.789999962,0.272182907,5.434782609,3.74251497,0.149700599,0,0,Bajo
19,Nuevo León,46,San Nicolás de los Garza,1,024A,190460001024A,2866,843,26.3579998,32.63199997,10.99100018,0,0.237000003,5.813000202,1.304999948,6.524000168,1.257096513,0.896860987,1.423487544,0,0,0,Bajo
19,Nuevo León,46,San Nicolás de los Garza,1,031A,190460001031A,1879,542,10.31400013,27.4829998,16.3920002,0,0.55400002,5.534999847,0.368999988,9.409999847,0,0.701754386,0.36900369,0.184501845,0,0,Bajo
19,Nuevo León,46,San Nicolás de los Garza,1,324,1904600010324.00,2609,814,21.15500069,43.91500092,19.58600044,0.123999998,0.368999988,7.739999771,1.350999951,14.61900043,0.923787529,3.03030303,1.842751843,0,0,0,Bajo
19,Nuevo León,46,San Nicolás de los Garza,1,339,1904600010339.00,1352,399,17.87299919,52.08300018,15.01500034,0.252000004,0.751999974,6.014999866,1.253000021,10.02499962,0.446827525,2.222222222,0,0.501253133,0,0.250626566,Bajo
19,Nuevo León,46,San Nicolás de los Garza,1,343,1904600010343.00,6508,1630,36.04199982,66.53500366,19.63699913,0.927999973,0.368000001,12.45400047,3.190000057,31.47200012,3.03993642,2.097902098,0.061349693,0.061349693,0,0.061349693,Bajo
19,Nuevo León,46,San Nicolás de los Garza,1,362,1904600010362.00,6006,1683,20.42000008,44.45700073,16.83300018,0.301999986,1.664000034,6.59499979,1.960999966,14.02299976,0.968473109,1.128349788,0.178253119,0,0.059417706,0,Bajo
19,Nuevo León,46,San Nicolás de los Garza,1,381,1904600010381.00,3734,1097,21.95000076,48.6629982,19.65699959,0.185000002,1.641000032,9.663000107,2.917000055,20.32799911,0.958677686,1.71990172,0.091157703,0,0.091157703,0,Bajo
19,Nuevo León,46,San Nicolás de los Garza,1,413,1904600010413.00,4201,1081,9.451999664,30.17300034,18.75699997,0.765999973,1.294999957,7.401000023,4.532999992,16.65099907,0.322580645,0.836820084,0.740055504,0.370027752,0.092506938,0.092506938,Bajo
19,Nuevo León,46,San Nicolás de los Garza,1,447,1904600010447.00,3131,817,6.839000225,28.68199921,15.10700035,0.125,2.203000069,4.162000179,2.325999975,11.26099968,0.086021505,1.243339254,0.367197062,0,0,0,Bajo
19,Nuevo León,46,San Nicolás de los Garza,1,466,1904600010466.00,2400,598,3.740999937,25.13699913,16.54199982,0,4.34800005,7.357999802,5.017000198,8.862999916,0.053447354,1.132075472,0.334448161,0,0,0,Bajo
19,Nuevo León,46,San Nicolás de los Garza,1,485,1904600010485.00,3378,927,6.639999866,32.0719986,15.60099983,0.112999998,3.344000101,6.903999805,4.638999939,10.24800014,0.216528329,0.295857988,1.294498382,0.539374326,0.107874865,0,Bajo
19,Nuevo León,46,San Nicolás de los Garza,1,049A,190460001049A,3007,958,2.674000025,23.7329998,15.06499958,0,2.088000059,9.602999687,3.967000008,13.67399979,0.11627907,1.171875,0.208768267,0.104384134,0,0,Bajo
19,Nuevo León,46,San Nicolás de los Garza,1,536,1904600010536.00,5064,1175,31.21299934,66.8010025,20.85300064,1.962000012,0.085000001,10.55300045,2.72300005,34.97900009,2.587601078,2.933673469,0.85106383,0.255319149,0.085106383,0.085106383,Bajo
19,Nuevo León,46,San Nicolás de los Garza,1,540,1904600010540.00,5577,1434,21.5909996,41.28499985,22.59300041,1.052000046,0.279000014,8.088999748,2.022000074,17.15500069,1.348066298,1.347305389,0.418410042,0,0,0.069735007,Bajo
19,Nuevo León,46,San Nicolás de los Garza,1,593,1904600010593.00,5410,1427,5.453999996,30.61499977,14.30700016,0,0,3.644000053,0.56099999,10.02099991,0.107469103,1.140350877,0.070077085,0.070077085,0.070077085,0,Bajo
19,Nuevo León,46,San Nicolás de los Garza,1,610,1904600010610.00,667,180,5.263000011,26.92300034,5.847000122,0.555999994,0,2.221999884,0.555999994,19.44400024,0.219298246,3.883495146,0.555555556,0,0,0,Bajo
19,Nuevo León,46,San Nicolás de los Garza,1,625,1904600010625.00,746,190,15.0710001,61.00600052,20.375,0,1.578999996,6.842000008,0.526000023,24.21100044,1.241134752,0,1.052631579,1.578947368,1.052631579,0,Bajo
19,Nuevo León,46,San Nicolás de los Garza,1,663,1904600010663.00,299,73,9.777999878,20.51300049,8.361000061,2.778000116,0,4.110000134,0,9.588999748,0,1.886792453,0,0,0,0,Bajo
19,Nuevo León,46,San Nicolás de los Garza,1,682,1904600010682.00,3437,879,11.78999996,47.99300003,13.9659996,0.229000002,0.340999991,3.868000031,1.820000052,15.0170002,0.695786625,0.871459695,0.568828214,0,0,0,Bajo
19,Nuevo León,46,San Nicolás de los Garza,1,070A,190460001070A,1204,290,21.49399948,46.88999939,17.85700035,2.778000116,1.034000039,12.06900024,4.138000011,23.10300064,1.609195402,2.403846154,0.344827586,0.344827586,0,0,Bajo
19,Nuevo León,46,San Nicolás de los Garza,1,714,1904600010714.00,4117,1071,35.40599823,63.10699844,15.73999977,0.47299999,2.894000053,10.08399963,2.707999945,24.37000084,1.5625,3.565062389,0.186741363,0,0.093370682,0,Bajo
19,Nuevo León,46,San Nicolás de los Garza,1,752,1904600010752.00,2198,579,8.001999855,38.43199921,16.37899971,0.178000003,2.763000011,8.289999962,3.627000093,14.68000031,0.111919418,0.803212851,0.172711572,0,0,0.172711572,Bajo
19,Nuevo León,46,San Nicolás de los Garza,1,786,1904600010786.00,5265,1380,31.02700043,54.55599976,23.02000046,1.891000032,0.216999993,11.23200035,3.332999945,29.27499962,2.403495994,2.094972067,0.507246377,0.072463768,0,0,Bajo
19,Nuevo León,46,San Nicolás de los Garza,1,822,1904600010822.00,2043,482,27.0909996,72.09799957,23.05400085,2.339999914,1.036999941,11.82600021,4.979000092,32.77999878,2.372034956,4.511278195,0.20746888,0,0,0,Bajo
19,Nuevo León,46,San Nicolás de los Garza,1,841,1904600010841.00,2937,741,26.25499916,63.43700027,24.65099907,0.95599997,0.944999993,6.882999897,2.969000101,26.72100067,1.844701845,4.696132597,1.079622132,0,0.134952767,0,Bajo
19,Nuevo León,46,San Nicolás de los Garza,1,856,1904600010856.00,5702,1441,17.17000008,46.31000137,18.74799919,0.421000004,1.388000011,8.18900013,2.637000084,16.79400063,0.522371111,1.652892562,1.318528799,0.069396253,0,0,Bajo
19,Nuevo León,46,San Nicolás de los Garza,1,860,1904600010860.00,3960,951,26.02499962,55.33200073,22.87899971,1.409999967,1.366999984,10.40999985,3.891000032,28.07600021,2.16338392,3.168316832,0.105152471,0,0,0,Bajo
19,Nuevo León,46,San Nicolás de los Garza,1,875,1904600010875.00,4493,1206,9.465999603,32.52700043,16.53700066,0.083999999,1.575000048,5.30700016,1.906999946,11.35999966,0.289245333,2.398081535,0.912106136,0,0,0,Bajo
19,Nuevo León,46,San Nicolás de los Garza,1,088A,190460001088A,4664,1214,15.30099964,49.25699997,18.78199959,0.264999986,6.013000011,11.86200047,7.989999771,18.12199974,0.60782241,0.666666667,0.494233937,0,0,0,Bajo
19,Nuevo León,46,San Nicolás de los Garza,1,894,1904600010894.00,3170,767,13.54699993,40.21300125,19.55800056,0.400999993,2.60800004,8.213999748,2.21600008,18.77400017,1.042084168,1.078167116,1.043024772,0,0,0.130378096,Bajo
19,Nuevo León,46,San Nicolás de los Garza,1,907,1904600010907.00,3958,993,16.00300026,47.32899857,20.41399956,0.418000013,3.927000046,10.06999969,4.329999924,20.64500046,0.605674211,1.284796574,0.302114804,0.201409869,0.201409869,0,Bajo
19,Nuevo León,46,San Nicolás de los Garza,1,926,1904600010926.00,5994,1290,37.23500061,71.77400208,26.02599907,2.700999975,2.247999907,14.3409996,5.039000034,40.07799911,3.061683926,1.975308642,0.852713178,0.15503876,0,0,Bajo
19,Nuevo León,46,San Nicolás de los Garza,1,930,1904600010930.00,3276,887,8.612000465,34.1570015,13.27799988,0.116999999,3.269000053,7.665999889,4.28399992,12.40100002,0.22564874,2.78551532,0.901916573,0,0,0,Bajo
19,Nuevo León,46,San Nicolás de los Garza,1,945,1904600010945.00,3972,1064,13.71800041,34.23799896,19.05800056,0.578999996,2.726000071,10.99600029,3.664999962,18.2329998,1.396054628,2.209944751,0.093984962,0.187969925,0,0.093984962,Bajo
19,Nuevo León,46,San Nicolás de los Garza,1,095A,190460001095A,3572,813,39.7480011,65.4240036,21.55699921,2.098999977,0.123000003,12.54599953,2.09100008,34.68600082,4.523544679,5.07518797,1.10701107,0,0,0,Bajo
19,Nuevo León,46,San Nicolás de los Garza,1,979,1904600010979.00,3186,881,16.69300079,32.94400024,17.01199913,0.455000013,0.114,5.675000191,0.907999992,11.01000023,1.011673152,2.134146341,0.340522134,0.340522134,0,0,Bajo
19,Nuevo León,46,San Nicolás de los Garza,1,998,1904600010998.00,6715,1630,19.95499992,56.98899841,21.23600006,0.368999988,0.307000011,7.790999889,2.085999966,22.51499939,1.001511716,1.658767773,0.490797546,0.061349693,0,0,Bajo
19,Nuevo León,46,San Nicolás de los Garza,1,1002,1904600011002.00,3558,811,46.90200043,77.89499664,24.76099968,2.224999905,0.493000001,14.18000031,2.959000111,44.26599884,3.450834879,5.273833671,0.863131936,0.493218249,0,0.246609125,Bajo
19,Nuevo León,46,San Nicolás de los Garza,1,1017,1904600011017.00,4766,1225,19.24200058,60.4070015,21.75799942,0.654999971,0.815999985,8.979999542,2.694000006,28.40800095,0.725611395,2.113821138,0.326530612,0,0,0,Bajo
19,Nuevo León,46,San Nicolás de los Garza,1,1021,1904600011021.00,4408,1142,12.14700031,38.47700119,15.5170002,0.174999997,0.263000011,4.991000175,0.524999976,9.895000458,0.403985995,1.941747573,0.175131349,0.087565674,0,0,Bajo
19,Nuevo León,46,San Nicolás de los Garza,1,1040,1904600011040.00,3873,968,7.186999798,38.20299911,17.91900063,0,0.103,3.201999903,0.310000002,9.401000023,0.215916101,0.301204819,0.103305785,0,0,0,Bajo
19,Nuevo León,46,San Nicolás de los Garza,1,1055,1904600011055.00,7975,1959,20.45299911,49.51699829,18.64599991,0.256999999,0.765999973,7.09499979,1.480000019,19.60199928,1.140808344,1.259689922,0.255232261,0.153139357,0,0.102092905,Bajo
19,Nuevo León,46,San Nicolás de los Garza,1,106A,190460001106A,955,241,6.973999977,34.21099854,14.03100014,0.414999992,0,2.49000001,0.414999992,5.809000015,0.394736842,1,0,0,0,0,Bajo
19,Nuevo León,46,San Nicolás de los Garza,1,1074,1904600011074.00,5475,1361,6.580999851,24.63999939,18.20999908,0,0.219999999,3.305999994,0.588,7.934999943,0.193563997,1.809954751,0.073475386,0.073475386,0,0,Bajo
19,Nuevo León,46,San Nicolás de los Garza,1,1089,1904600011089.00,3718,830,40.63800049,74.70700073,23.39999962,3.506999969,0.601999998,17.34900093,6.386000156,39.39799881,3.448275862,1.682242991,1.445783133,0.240963855,0.120481928,0.481927711,Bajo
19,Nuevo León,46,San Nicolás de los Garza,1,1093,1904600011093.00,3733,916,23.09300041,60.49900055,18.05500031,0,0.108999997,5.894999981,0.654999971,18.66799927,0.844024308,1.750547046,0.218340611,0,0,0,Bajo
19,Nuevo León,46,San Nicolás de los Garza,1,1106,1904600011106.00,4380,1097,14.19400024,51.86700058,20.61599922,0.092,0.456,5.834000111,1.366999984,17.31999969,0.699504518,1.482701812,0.63810392,0.091157703,0.091157703,0,Bajo
19,Nuevo León,46,San Nicolás de los Garza,1,1110,1904600011110.00,3318,846,25.08399963,55.20800018,19.0170002,0,0.354999989,6.737999916,0.47299999,16.43000031,0.710280374,2.472527473,0.709219858,0.11820331,0,0,Bajo
19,Nuevo León,46,San Nicolás de los Garza,1,1125,1904600011125.00,3672,891,37.16600037,71.00099945,25.62599945,4.643000126,1.347000003,22.11000061,8.642000198,44.10800171,3.112413036,2.757352941,0.785634119,0.224466891,0.561167228,0.336700337,Bajo
19,Nuevo León,46,San Nicolás de los Garza,1,113A,190460001113A,4381,899,51.32400131,77.89499664,22.00399971,5.914999962,0.444999993,18.02000046,5.672999859,47.16400146,5.390749601,3.10391363,2.55839822,0,0,0.111234705,Bajo
19,Nuevo León,46,San Nicolás de los Garza,1,1144,1904600011144.00,2943,673,37.48300171,65.64099884,17.70299911,4.035999775,0.89200002,13.67000008,3.417999983,33.43199921,3.493058665,2.421307506,0.891530461,0,0.29717682,0.14858841,Bajo
19,Nuevo León,46,San Nicolás de los Garza,1,1159,1904600011159.00,4960,1267,22.36599922,44.75299835,19.55599976,0.874000013,1.815000057,7.498000145,2.999000072,19.02099991,1.896733404,1.701570681,8.681925809,0.078926598,0,0,Bajo
19,Nuevo León,46,San Nicolás de los Garza,1,1163,1904600011163.00,4720,1216,15.54399967,48.41699982,18.00799942,0.25,0.657999992,7.072000027,2.055999994,18.42099953,0.188577586,2.471169687,2.713815789,0.164473684,0,0,Bajo
19,Nuevo León,46,San Nicolás de los Garza,1,1178,1904600011178.00,2534,651,25.2140007,56.09799957,15.62699986,0,0.768000007,5.22300005,0.614000022,12.90299988,0.807217474,3.139013453,0.153609831,0,0,0,Bajo
19,Nuevo León,46,San Nicolás de los Garza,1,1182,1904600011182.00,2827,729,24.51000023,59.70600128,15.84700012,0.137999997,0.412,4.251999855,1.371999979,15.22599983,0.435350457,12.41610738,1.371742112,0,0,0,Bajo
19,Nuevo León,46,San Nicolás de los Garza,1,1197,1904600011197.00,2587,663,26.57600021,59.0909996,15.46199989,0.151999995,0.754000008,4.525000095,1.055999994,13.27299976,1.36406397,3.802281369,0.150829563,0.150829563,0,0,Bajo
19,Nuevo León,46,San Nicolás de los Garza,1,120A,190460001120A,3715,803,49.14199829,81.07099915,26.56800079,5.031000137,0.374000013,17.06100082,6.227000237,44.95600128,3.992537313,6.379310345,1.494396015,0.124533001,0,0.124533001,Bajo
19,Nuevo León,46,San Nicolás de los Garza,1,1214,1904600011214.00,2891,680,36.40499878,72.4940033,20.06200027,3.381999969,0,12.79399967,2.940999985,32.5,3.477868112,3.174603175,2.058823529,0.294117647,0,0,Bajo
19,Nuevo León,46,San Nicolás de los Garza,1,1229,1904600011229.00,4609,1053,45.5929985,78.91400146,26.55699921,5.933000088,0.665000021,19.27799988,5.032999992,49.38299942,5.464159812,5.233380481,0.759734093,0,0.094966762,0.094966762,Bajo
19,Nuevo León,46,San Nicolás de los Garza,1,1233,1904600011233.00,3479,830,40.06100082,71.63600159,20.75300026,4.584000111,0,14.81900024,5.181000233,40.72299957,4.0136312,4.191616766,1.445783133,0,0,0,Bajo
19,Nuevo León,46,San Nicolás de los Garza,1,1248,1904600011248.00,3866,978,29.40800095,60.50600052,17.45999908,0.513000011,0.101999998,10.02000046,1.840000033,29.85700035,1.852464439,3.056768559,0.102249489,0.102249489,0,0.102249489,Bajo
19,Nuevo León,46,San Nicolás de los Garza,1,1252,1904600011252.00,4154,1039,34.82899857,68.01999664,17.93499947,0.388000011,1.154999971,7.603000164,1.251000047,22.90699959,1.556776557,6.339468303,1.058710298,0.192492782,0,0,Bajo
19,Nuevo León,46,San Nicolás de los Garza,1,1267,1904600011267.00,4659,1156,31.42099953,66.75499725,16.46299934,0.523000002,0.172999993,6.747000217,1.383999944,17.12800026,1.903485255,7.747747748,0.346020761,0.08650519,0,0,Bajo
19,Nuevo León,46,San Nicolás de los Garza,1,1271,1904600011271.00,3770,1026,22.33099937,48.93600082,17.82500076,0.294,0.779999971,6.335000038,1.656999946,11.5010004,1.139322917,2.905569007,0.487329435,0,0,0,Bajo
19,Nuevo León,46,San Nicolás de los Garza,1,1286,1904600011286.00,3071,792,30.1590004,50.7840004,15.10900021,0.127000004,0.379000008,4.545000076,0.758000016,13.13099957,0.876494024,2.654867257,0.252525253,0,0.126262626,0,Bajo
19,Nuevo León,46,San Nicolás de los Garza,1,1290,1904600011290.00,4306,1083,12.69099998,44.78300095,19.76300049,0.279000014,1.661999941,7.202000141,4.524000168,13.20400047,0.584469802,1.690821256,0.738688827,0.184672207,0,0.092336103,Bajo
19,Nuevo León,46,San Nicolás de los Garza,1,1303,1904600011303.00,4781,1220,9.324999809,35.76399994,22.17099953,0,0,4.835999966,0.492000014,11.39299965,0.231839258,2.272727273,0.491803279,0.163934426,0,0,Bajo
19,Nuevo León,46,San Nicolás de los Garza,1,1318,1904600011318.00,2642,722,8.529999733,28.81699944,19.3409996,0.138999999,0.693000019,4.571000099,1.800999999,9.140999794,0.471253534,1.623376623,0.692520776,0,0,0,Bajo
19,Nuevo León,46,San Nicolás de los Garza,1,1322,1904600011322.00,3680,1014,16.84399986,37.02999878,17.09199905,0,1.281999946,4.142000198,1.182999969,8.876000404,0.332225914,2.134146341,1.972386588,0.197238659,0,0,Bajo
19,Nuevo León,46,San Nicolás de los Garza,1,1341,1904600011341.00,3858,934,16.05900002,55.64400101,17.5739994,0.324000001,0.107000001,5.995999813,0.856999993,20.02099991,0.423452769,1.882845188,0.428265525,0.107066381,0,0,Bajo
19,Nuevo León,46,San Nicolás de los Garza,1,1356,1904600011356.00,5983,1501,7.736000061,33.37400055,16.7310009,0.201000005,0.133000001,4.664000034,0.933000028,12.52499962,0.276301807,0.834326579,0.066622252,0.066622252,0,0,Bajo
19,Nuevo León,46,San Nicolás de los Garza,1,1375,1904600011375.00,6904,1630,22.43300056,65.6309967,20.16200066,0.676999986,0.245000005,7.914000034,1.779000044,25.33699989,0.819824856,3.293084523,1.288343558,0,0,0.061349693,Bajo
19,Nuevo León,46,San Nicolás de los Garza,1,138A,190460001138A,2701,726,28.24699974,53.54499817,19.6590004,0.977999985,1.376999974,8.126999855,3.58100009,18.87100029,1.589464124,1.379310345,0.275482094,0,0,0,Bajo
19,Nuevo León,46,San Nicolás de los Garza,1,1394,1904600011394.00,2838,750,24.08499908,45.75600052,23.14999962,2.322000027,2,13.86699963,4.400000095,27.06699944,1.157943492,3.733333333,1.2,0,0,0,Bajo
19,Nuevo León,46,San Nicolás de los Garza,1,1407,1904600011407.00,3782,846,37.57500076,70.82700348,25.75399971,2.138000011,0.354999989,12.17500019,4.019000053,36.9980011,3.6305957,3.625954198,0.945626478,0.472813239,0,0.11820331,Bajo
19,Nuevo León,46,San Nicolás de los Garza,1,1426,1904600011426.00,3839,838,40.7840004,69.50700378,24.90200043,2.153000116,0.238999993,13.36499977,2.744999886,36.27700043,3.054494967,3.125,0.238663484,0.596658711,0,0.238663484,Bajo
19,Nuevo León,46,San Nicolás de los Garza,1,1430,1904600011430.00,5176,1331,12.82699966,39.96699905,19.59000015,0.451000005,0,5.559999943,0.675999999,12.77200031,0.589483612,1.349072513,0.30052592,0.07513148,0,0,Bajo
19,Nuevo León,46,San Nicolás de los Garza,1,1445,1904600011445.00,2787,752,5.585999966,23.16799927,17.04299927,0,0.266000003,2.926000118,0.532000005,10.77099991,0.148294612,1.265822785,0.265957447,0,0,0,Bajo
19,Nuevo León,46,San Nicolás de los Garza,1,145A,190460001145A,4080,1067,7.572999954,32.2120018,18.57799911,0,1.781000018,5.717000008,1.968000054,12.46500015,0.225588141,1.211072664,1.030927835,0,0,0,Bajo
19,Nuevo León,46,San Nicolás de los Garza,1,1464,1904600011464.00,3360,980,6.816999912,32.80199814,18.125,0.104999997,2.857000113,8.163000107,2.959000111,13.87800026,0.18129079,2.669902913,3.87755102,0.102040816,0.102040816,0,Bajo
19,Nuevo León,46,San Nicolás de los Garza,1,1479,1904600011479.00,2591,695,6.081999779,35.32600021,17.36800003,0,5.323999882,9.06499958,5.467999935,16.54700089,0.313059034,2.803738318,2.158273381,0,0,0,Bajo
19,Nuevo León,46,San Nicolás de los Garza,1,1483,1904600011483.00,2246,631,18.38100052,45.61899948,19.9470005,0.500999987,5.388000011,11.88599968,6.498000145,18.22500038,0.678851175,0,0.158478605,0.633914422,0,0,Bajo
19,Nuevo León,46,San Nicolás de los Garza,1,1498,1904600011498.00,3650,977,7.705999851,29.5739994,16,0,2.967999935,5.425000191,3.275000095,9.416999817,0.275197798,1.573033708,1.740020471,0.102354145,0,0,Bajo
19,Nuevo León,46,San Nicolás de los Garza,1,1500,1904600011500.00,5188,1143,27.99200058,56.88700104,24.13299942,1.909000039,1.837000012,11.3739996,5.073999882,29.39599991,2.185223725,2.61627907,0.699912511,0,0.087489064,0.174978128,Bajo
19,Nuevo León,46,San Nicolás de los Garza,1,1515,1904600011515.00,1975,500,14.39799976,43.68099976,15.64599991,0.616999984,1,8.199999809,4,16.20000076,0.723208416,1.724137931,0.4,0,0,0,Bajo
19,Nuevo León,46,San Nicolás de los Garza,1,152A,190460001152A,3940,987,23.51399994,54.62599945,21.47200012,0.405999988,0.202999994,8.00399971,0.912,24.41699982,1.388888889,0.826446281,0.303951368,0.101317123,0,0.101317123,Bajo
19,Nuevo León,46,San Nicolás de los Garza,1,1534,1904600011534.00,5917,1470,18.08799934,51.18199921,20.95700073,0.683000028,0.272000015,7.686999798,1.769000053,23.94599915,0.706547339,1.310861423,0.408163265,0.068027211,0,0.068027211,Bajo
19,Nuevo León,46,San Nicolás de los Garza,1,1549,1904600011549.00,4786,1217,11.28299999,37.05099869,15.4829998,0,0.328999996,5.012000084,0.74000001,12.07900047,0.346759136,1.300813008,0.986031224,0,0,0,Bajo
19,Nuevo León,46,San Nicolás de los Garza,1,1568,1904600011568.00,5253,1338,8.847999573,39.51399994,17.30400085,0,0.075000003,6.053999901,1.345000029,16.74099922,0.458591853,1.921229587,0.224215247,0,0.074738416,0.074738416,Bajo
19,Nuevo León,46,San Nicolás de los Garza,1,1572,1904600011572.00,4928,1195,15.57299995,57.65999985,16.65999985,0.167999998,0.083999999,7.28000021,1.338999987,22.1760006,0.462836918,0.717360115,0.083682008,0,0,0.083682008,Bajo
19,Nuevo León,46,San Nicolás de los Garza,1,1587,1904600011587.00,2919,758,9.277000427,35.13000107,19.3220005,0.264999986,0,4.090000153,0.791999996,18.20599937,0.049875312,0.920245399,0,0,0,0,Bajo
19,Nuevo León,46,San Nicolás de los Garza,1,1591,1904600011591.00,3838,972,11.16699982,46.31600189,21.02700043,0.412,0,5.967000008,1.131999969,21.0909996,0.324207493,0.864553314,0.205761317,0.102880658,0.102880658,0,Bajo
19,Nuevo León,46,San Nicolás de los Garza,1,1604,1904600011604.00,3580,938,43.47700119,70.15799713,14.46899986,0.324999988,2.026000023,11.30099964,2.984999895,30.27700043,1.590169859,2.828282828,0.106609808,0,0,0,Bajo
19,Nuevo León,46,San Nicolás de los Garza,1,1619,1904600011619.00,4032,1004,28.03499985,61.41699982,16.66699982,0.700999975,0.896000028,6.473999977,1.394000053,20.02000046,1.509550216,4.575163399,0.099601594,0.099601594,0,0,Bajo
19,Nuevo León,46,San Nicolás de los Garza,1,1623,1904600011623.00,4634,1215,7.122000217,25.78100014,19.44300079,0,0.575999975,4.774000168,1.81099999,14.40299988,0.2681764,1.983663944,0.576131687,0.082304527,0,0,Bajo
19,Nuevo León,46,San Nicolás de los Garza,1,1638,1904600011638.00,4720,1172,9.876999855,35.62799835,17.7329998,0.256000012,0.171000004,5.631000042,1.195000052,15.27299976,0.437756498,1.685393258,0.170648464,0,0,0,Bajo
19,Nuevo León,46,San Nicolás de los Garza,1,1642,1904600011642.00,2797,833,11.55700016,24.82500076,22.09499931,0,0.360000014,6.362999916,1.32099998,13.20499992,0.485222761,3.692307692,6.362545018,0.240096038,0.120048019,0,Bajo
19,Nuevo León,46,San Nicolás de los Garza,1,1657,1904600011657.00,3752,956,4.921999931,19.35499954,12.20699978,0,1.360000014,3.555999994,1.360000014,6.798999786,0.072385089,0.995024876,0.836820084,0.10460251,0,0,Bajo
19,Nuevo León,46,San Nicolás de los Garza,1,1661,1904600011661.00,441,135,33.14300156,68.91899872,26.07699966,8.661000252,5.926000118,37.77799988,17.03700066,52.5929985,1.714285714,3.703703704,4.444444444,0,0,0,Bajo
19,Nuevo León,46,San Nicolás de los Garza,1,1676,1904600011676.00,586,173,48.18199921,83.19999695,36.17699814,9.826999664,0.578000009,46.82099915,17.91900063,75.14499664,4.545454545,5.063291139,10.40462428,0.578034682,0.578034682,0,Bajo
19,Nuevo León,46,San Nicolás de los Garza,1,1708,1904600011708.00,1606,412,10.91100025,35.3409996,16.75,0.244000003,0.485000014,4.125999928,1.213999987,11.40799999,0.085910653,2.352941176,0.242718447,0,0,0,Bajo
19,Nuevo León,46,San Nicolás de los Garza,1,1712,1904600011712.00,2621,675,7.078999996,26.75600052,13.16300011,0.149000004,1.036999941,3.851999998,1.925999999,7.703999996,0.297441999,0.334448161,0.148148148,0,0,0,Bajo
19,Nuevo León,46,San Nicolás de los Garza,1,1727,1904600011727.00,3152,811,8.119999886,36.97200012,16.62400055,0,2.46600008,4.315999985,1.97300005,8.755000114,0.2,0.702576112,1.10974106,0,0,0.123304562,Bajo
19,Nuevo León,46,San Nicolás de los Garza,1,1731,1904600011731.00,3265,817,17.54700089,48.10800171,20.8579998,0.125,3.427000046,6.977000237,2.815000057,18.23699951,0.698757764,0.961538462,1.958384333,0,0.122399021,0.122399021,Bajo
19,Nuevo León,46,San Nicolás de los Garza,1,1746,1904600011746.00,3730,909,11.47099972,41.41199875,16.46100044,0.337000012,0,5.390999794,0.769999981,11.66100025,0.190657769,0.598802395,0.550055006,0,0,0,Bajo
19,Nuevo León,46,San Nicolás de los Garza,1,1750,1904600011750.00,4320,992,8.690999985,28.47400093,7.361000061,0,0,2.319000006,0.504000008,8.972000122,0.034352456,0.890207715,1.108870968,0,0,0,Bajo
19,Nuevo León,46,San Nicolás de los Garza,1,1765,1904600011765.00,4199,855,39.98600006,76.29499817,30.86400032,5.181000233,2.806999922,17.07600021,5.84800005,55.08800125,3.126073514,6.074074074,1.988304094,0.467836257,0.116959064,0.233918129,Bajo
19,Nuevo León,46,San Nicolás de los Garza,1,177A,190460001177A,3007,637,35.38299942,72.96900177,28.00099945,4.113999844,1.256000042,12.55900002,3.453999996,42.0719986,2.065167508,4.625550661,0.784929356,0.313971743,0.156985871,0,Bajo
